,Micelle 1,Micelle 2
0,199,1
1,199,1
2,199,1
3,199,1
4,199,1
5,199,1
6,199,1
7,199,1
8,199,1
9,199,1
10,199,1
11,200,0
12,199,1
13,199,1
14,199,1
15,199,1
16,199,1
17,199,1
18,199,1
19,199,1
20,199,1
21,199,1
22,199,1
23,199,1
24,199,1
25,199,1
26,199,1
27,199,1
28,199,1
29,199,1
30,199,1
31,199,1
32,199,1
33,199,1
34,199,1
35,199,1
36,199,1
37,199,1
38,199,1
39,199,1
40,199,1
41,199,1
42,199,1
43,199,1
44,199,1
45,199,1
46,199,1
47,199,1
48,199,1
49,199,1
50,199,1
51,199,1
52,199,1
53,199,1
54,199,1
55,199,1
56,199,1
57,199,1
58,114,85
59,114,85
60,114,85
61,114,86
62,114,86
63,114,86
64,114,86
65,114,86
66,114,86
67,114,86
68,114,86
69,114,86
70,114,86
71,114,86
72,114,86
73,114,86
74,114,86
75,114,86
76,114,86
77,114,86
78,114,86
79,114,86
80,114,86
81,114,86
82,114,86
83,114,86
84,114,86
85,114,86
86,114,86
87,114,86
88,114,86
89,114,86
90,114,86
91,114,86
92,114,86
93,114,86
94,114,86
95,114,86
96,114,86
97,114,86
98,114,86
99,114,86
100,114,86
101,114,86
102,114,86
103,114,86
104,114,86
105,114,86
106,114,86
107,114,86
108,114,86
109,114,86
110,114,86
111,114,86
112,114,86
113,114,86
114,114,86
115,114,86
116,114,86
117,114,86
118,114,86
119,114,86
120,114,86
121,114,86
122,114,86
123,114,86
124,114,86
125,114,86
126,114,86
127,114,86
128,114,86
129,114,86
130,114,86
131,114,86
132,114,86
133,114,86
134,114,86
135,114,86
136,114,86
137,114,86
138,114,86
139,114,86
140,114,86
141,114,86
142,114,86
143,114,86
144,114,86
145,114,86
146,114,86
147,114,86
148,114,86
149,114,86
150,114,86
151,114,86
152,114,86
153,114,86
154,114,86
155,114,86
156,114,86
157,114,86
158,114,86
159,114,86
160,114,86
161,114,86
162,114,86
163,114,86
164,114,86
165,114,86
166,114,86
167,114,86
168,114,86
169,114,86
170,114,86
171,114,86
172,114,86
173,114,86
174,114,86
175,114,86
176,114,86
177,114,86
178,114,86
179,114,86
180,114,86
181,114,86
182,114,86
183,114,86
184,114,86
185,114,86
186,114,86
187,114,86
188,114,86
189,114,86
190,114,86
191,114,86
192,114,86
193,114,86
194,114,86
195,114,86
196,114,86
197,114,86
198,114,86
199,114,86
200,114,86
201,114,86
202,114,86
203,114,86
204,114,86
205,114,86
206,114,86
207,114,86
208,114,86
209,114,86
210,114,86
211,114,86
212,114,86
213,114,86
214,114,86
215,114,86
216,114,86
217,114,86
218,114,86
219,114,86
220,114,86
221,114,86
222,114,86
223,114,86
224,114,86
225,114,86
226,114,86
227,114,86
228,114,86
229,114,86
230,114,86
231,114,86
232,114,86
233,114,86
234,114,86
235,114,86
236,114,86
237,114,86
238,114,86
239,114,86
240,114,86
241,114,86
242,114,86
243,114,86
244,114,86
245,114,86
246,114,86
247,114,86
248,114,86
249,114,86
250,114,86
251,114,86
252,114,86
253,114,86
254,114,86
255,114,86
256,114,86
257,114,86
258,114,86
259,114,86
260,114,86
261,114,86
262,114,86
263,114,86
264,114,86
265,114,86
266,114,86
267,114,86
268,114,86
269,114,86
270,114,86
271,114,86
272,114,86
273,114,86
274,114,86
275,114,86
276,114,86
277,114,86
278,114,86
279,114,86
280,114,86
281,114,86
282,114,86
283,114,86
284,114,86
285,114,86
286,114,86
287,114,86
288,114,86
289,114,86
290,114,86
291,114,86
292,114,86
293,114,86
294,114,86
295,114,86
296,114,86
297,114,86
298,114,86
299,114,86
300,114,86
301,114,86
302,114,86
303,114,86
304,114,86
305,114,86
306,114,86
307,114,86
308,114,86
309,114,86
310,114,86
311,114,86
312,114,86
313,114,86
314,114,86
315,114,86
316,114,86
317,114,86
318,114,86
319,114,86
320,114,86
321,114,86
322,114,86
323,114,86
324,114,86
325,114,86
326,114,86
327,114,86
328,114,86
329,114,86
330,114,86
331,114,86
332,114,86
333,114,86
334,114,86
335,114,86
336,114,86
337,114,86
338,114,86
339,114,86
340,114,86
341,114,86
342,114,86
343,114,86
344,114,86
345,114,86
346,114,86
347,114,86
348,114,86
349,114,86
350,114,86
351,114,86
352,114,86
353,114,86
354,114,86
355,114,86
356,114,86
357,114,86
358,114,86
359,114,86
360,114,86
361,114,86
362,114,86
363,114,86
364,114,86
365,114,86
366,114,86
367,114,86
368,114,86
369,114,86
370,114,86
371,114,86
372,114,86
373,114,86
374,114,86
375,114,86
376,114,86
377,114,86
378,114,86
379,114,86
380,114,86
381,114,86
382,114,86
383,114,86
384,114,86
385,114,86
386,114,86
387,114,86
388,114,86
389,114,86
390,114,86
391,114,86
392,114,86
393,114,86
394,114,86
395,114,86
396,114,86
397,114,86
398,114,86
399,114,86
400,114,86
401,114,86
402,114,86
403,114,86
404,114,86
405,114,86
406,114,86
407,114,86
408,114,86
409,114,86
410,114,86
411,114,86
412,114,86
413,114,86
414,114,86
415,114,86
416,114,86
417,114,86
418,114,86
419,114,86
420,114,86
421,114,86
422,114,86
423,114,86
424,114,86
425,114,86
426,114,86
427,114,86
428,114,86
429,114,86
430,114,86
431,114,86
432,114,86
433,114,86
434,114,86
435,114,86
436,114,86
437,114,86
438,114,86
439,114,86
440,114,86
441,114,86
442,114,86
443,114,86
444,114,86
445,114,86
446,114,86
447,114,86
448,114,86
449,114,86
450,114,86
451,114,86
452,114,86
453,114,86
454,114,86
455,114,86
456,114,86
457,114,86
458,114,86
459,114,86
460,114,86
461,114,86
462,114,86
463,114,86
464,114,86
465,114,86
466,114,86
467,114,86
468,114,86
469,114,86
470,114,86
471,114,86
472,114,86
473,114,86
474,114,86
475,114,86
476,114,86
477,114,86
478,114,86
479,114,86
480,114,86
481,114,86
482,114,86
483,114,86
484,114,86
485,114,86
486,114,86
487,114,86
488,114,86
489,114,86
490,114,86
491,114,86
492,114,86
493,114,86
494,114,86
495,114,86
496,114,86
497,114,86
498,114,86
499,114,86
500,114,86
501,114,86
502,114,86
503,114,86
504,114,86
505,114,86
506,114,86
507,114,86
508,114,86
509,114,86
510,114,86
511,114,86
512,114,86
513,114,86
514,114,86
515,114,86
516,114,86
517,114,86
518,114,86
519,114,86
520,114,86
521,114,86
522,114,86
523,114,86
524,114,86
525,114,86
526,114,86
527,114,86
528,114,86
529,114,86
530,114,86
531,114,86
532,114,86
533,114,86
534,114,86
535,114,86
536,114,86
537,114,86
538,114,86
539,114,86
540,114,86
541,114,86
542,114,86
543,114,86
544,114,86
545,114,86
546,114,86
547,114,86
548,114,86
549,114,86
550,114,86
551,114,86
552,114,86
553,114,86
554,114,86
555,114,86
556,114,86
557,114,86
558,114,86
559,114,86
560,114,86
561,114,86
562,114,86
563,114,86
564,114,86
565,114,86
566,114,86
567,114,86
568,114,86
569,114,86
570,114,86
571,114,86
572,114,86
573,114,86
574,114,86
575,114,86
576,114,86
577,114,86
578,114,86
579,114,86
580,114,86
581,114,86
582,114,86
583,114,86
584,114,86
585,114,86
586,114,86
587,114,86
588,114,86
589,114,86
590,114,86
591,114,86
592,114,86
593,114,86
594,114,86
595,114,86
596,114,86
597,114,86
598,114,86
599,114,86
600,114,86
601,114,86
602,114,86
603,114,86
604,114,86
605,114,86
606,114,86
607,114,86
608,114,86
609,114,86
610,114,86
611,114,86
612,114,86
613,114,86
614,114,86
615,114,86
616,114,86
617,114,86
618,114,86
619,114,86
620,114,86
621,114,86
622,114,86
623,114,86
624,114,86
625,114,86
626,114,86
627,114,86
628,114,86
629,114,86
630,114,86
631,114,86
632,114,86
633,114,86
634,114,86
635,114,86
636,114,86
637,114,86
638,114,86
639,114,86
640,114,86
641,114,86
642,114,86
643,114,86
644,114,86
645,114,86
646,114,86
647,114,86
648,114,86
649,114,86
650,114,86
651,114,86
652,114,86
653,114,86
654,114,86
655,114,86
656,114,86
657,114,86
658,114,86
659,114,86
660,114,86
661,114,86
662,114,86
663,114,86
664,114,86
665,114,86
666,114,86
667,114,86
668,114,86
669,114,86
670,114,86
671,114,86
672,114,86
673,114,86
674,114,86
675,114,86
676,114,86
677,114,86
678,114,86
679,114,86
680,114,86
681,114,86
682,114,86
683,114,86
684,114,86
685,114,86
686,114,86
687,114,86
688,114,86
689,114,86
690,114,86
691,114,86
692,114,86
693,114,86
694,114,86
695,114,86
696,114,86
697,114,86
698,114,86
699,114,86
700,114,86
701,114,86
702,114,86
703,114,86
704,114,86
705,114,86
706,114,86
707,114,86
708,114,86
709,114,86
710,114,86
711,114,86
712,114,86
713,114,86
714,114,86
715,114,86
716,114,86
717,114,86
718,114,86
719,114,86
720,114,86
721,114,86
722,114,86
723,114,86
724,114,86
725,114,86
726,114,86
727,114,86
728,114,86
729,114,86
730,114,86
731,114,86
732,114,86
733,114,86
734,114,86
735,114,86
736,114,86
737,114,86
738,114,86
739,114,86
740,114,86
741,114,86
742,114,86
743,114,86
744,114,86
745,114,86
746,114,86
747,114,86
748,114,86
749,114,86
750,114,86
751,114,86
752,114,86
753,114,86
754,114,86
755,114,86
756,114,86
757,114,86
758,114,86
759,114,86
760,114,86
761,114,86
762,114,86
763,114,86
764,114,86
765,114,86
766,114,86
767,114,86
768,114,86
769,114,86
770,114,86
771,114,86
772,114,86
773,114,86
774,114,86
775,114,86
776,114,86
777,114,86
778,114,86
779,114,86
780,114,86
781,114,86
782,114,86
783,114,86
784,114,86
785,114,86
786,114,86
787,114,86
788,114,86
789,114,86
790,114,86
791,114,86
792,114,86
793,114,86
794,114,86
795,114,86
796,114,86
797,114,86
798,114,86
799,114,86
800,114,86
801,114,86
802,114,86
803,114,86
804,114,86
805,114,86
806,114,86
807,114,86
808,114,86
809,114,86
810,114,86
811,114,86
812,114,86
813,114,86
814,114,86
815,114,86
816,114,86
817,114,86
818,114,86
819,114,86
820,114,86
821,114,86
822,114,86
823,114,86
824,114,86
825,114,86
826,114,86
827,114,86
828,114,86
829,114,86
830,114,86
831,114,86
832,114,86
833,114,86
834,114,86
835,114,86
836,114,86
837,114,86
838,114,86
839,114,86
840,114,86
841,114,86
842,114,86
843,114,86
844,114,86
845,114,86
846,114,86
847,114,86
848,114,86
849,114,86
850,114,86
851,114,86
852,114,86
853,114,86
854,114,86
855,114,86
856,114,86
857,114,86
858,114,86
859,114,86
860,114,86
861,114,86
862,114,86
863,114,86
864,114,86
865,114,86
866,114,86
867,114,86
868,114,86
869,114,86
870,114,86
871,114,86
872,114,86
873,114,86
874,114,86
875,114,86
876,114,86
877,114,86
878,114,86
879,114,86
880,114,86
881,114,86
882,114,86
883,114,86
884,114,86
885,114,86
886,114,86
887,114,86
888,114,86
889,114,86
890,114,86
891,114,86
892,114,86
893,114,86
894,114,86
895,114,86
896,114,86
897,114,86
898,114,86
899,114,86
900,114,86
901,114,86
902,114,86
903,114,86
904,114,86
905,114,86
906,114,86
907,114,86
908,114,86
909,114,86
910,114,86
911,114,86
912,114,86
913,114,86
914,114,86
915,114,86
916,114,86
917,114,86
918,114,86
919,114,86
920,114,86
921,114,86
922,114,86
923,114,86
924,114,86
925,114,86
926,114,86
927,114,86
928,114,86
929,114,86
930,114,86
931,114,86
932,114,86
933,114,86
934,114,86
935,114,86
936,114,86
937,114,86
938,114,86
939,114,86
940,114,86
941,114,86
942,114,86
943,114,86
944,114,86
945,114,86
946,114,86
947,114,86
948,114,86
949,113,86
950,113,86
951,113,86
952,113,86
953,113,86
954,113,86
955,113,86
956,113,86
957,113,86
958,113,86
959,113,86
960,113,86
961,113,86
962,113,86
963,113,86
964,113,86
965,113,86
966,113,86
967,113,86
968,113,86
969,113,86
970,113,86
971,113,86
972,113,86
973,113,86
974,113,86
975,113,86
976,113,86
977,113,86
978,113,86
979,113,86
980,113,86
981,113,87
982,113,86
983,113,86
984,113,86
985,113,87
986,113,87
987,113,87
988,113,87
989,113,87
990,113,87
991,113,87
992,113,87
993,113,87
994,113,87
995,113,87
996,113,87
997,113,87
998,113,87
999,113,87
1000,113,87
1001,113,87
1002,113,87
1003,113,87
1004,113,87
1005,113,87
1006,113,87
1007,113,87
1008,113,87
1009,113,87
1010,113,87
1011,113,87
1012,113,87
1013,113,87
1014,113,87
1015,113,87
1016,113,87
1017,113,87
1018,113,87
1019,113,87
1020,113,87
1021,113,87
1022,113,87
1023,113,87
1024,113,87
1025,113,87
1026,113,87
1027,113,87
1028,113,87
1029,113,87
1030,113,87
1031,113,87
1032,113,87
1033,113,87
1034,113,87
1035,113,87
1036,113,87
1037,113,87
1038,113,87
1039,113,87
1040,113,87
1041,113,87
1042,113,87
1043,113,87
1044,113,87
1045,113,87
1046,113,87
1047,113,87
1048,113,87
1049,113,87
1050,113,87
1051,113,87
1052,113,87
1053,113,87
1054,113,87
1055,113,87
1056,113,87
1057,113,87
1058,113,87
1059,113,87
1060,113,87
1061,113,87
1062,113,87
1063,113,87
1064,113,87
1065,113,87
1066,113,87
1067,113,87
1068,113,87
1069,113,87
1070,113,87
1071,113,87
1072,113,87
1073,113,87
1074,113,87
1075,113,87
1076,113,87
1077,113,87
1078,113,87
1079,113,87
1080,113,87
1081,113,87
1082,113,87
1083,113,87
1084,113,87
1085,113,87
1086,113,87
1087,113,87
1088,113,87
1089,113,87
1090,113,87
1091,113,87
1092,113,87
1093,113,87
1094,113,87
1095,113,87
1096,113,87
1097,113,87
1098,113,87
1099,113,87
1100,113,87
1101,113,87
1102,113,87
1103,113,87
1104,113,87
1105,113,87
1106,113,87
1107,113,87
1108,113,87
1109,113,87
1110,113,87
1111,113,87
1112,113,87
1113,113,87
1114,113,87
1115,113,87
1116,113,87
1117,113,87
1118,113,87
1119,113,87
1120,113,87
1121,113,87
1122,113,87
1123,113,87
1124,113,87
1125,113,87
1126,113,87
1127,113,87
1128,113,87
1129,113,87
1130,113,87
1131,113,87
1132,113,87
1133,113,87
1134,113,87
1135,113,87
1136,113,87
1137,113,87
1138,113,87
1139,113,87
1140,113,87
1141,113,87
1142,113,87
1143,113,87
1144,113,87
1145,113,87
1146,113,87
1147,113,87
1148,113,87
1149,113,87
1150,113,87
1151,113,87
1152,113,87
1153,113,87
1154,113,87
1155,113,87
1156,113,87
1157,113,87
1158,113,87
1159,113,87
1160,113,87
1161,113,87
1162,113,87
1163,113,87
1164,113,87
1165,113,87
1166,113,87
1167,113,87
1168,113,87
1169,113,87
1170,113,87
1171,113,87
1172,113,87
1173,113,87
1174,113,87
1175,113,87
1176,113,87
1177,113,87
1178,113,87
1179,113,87
1180,113,87
1181,113,87
1182,113,87
1183,113,87
1184,113,87
1185,113,87
1186,113,87
1187,113,87
1188,113,87
1189,113,87
1190,113,87
1191,113,87
1192,113,87
1193,113,87
1194,113,87
1195,113,87
1196,113,87
1197,113,87
1198,113,87
1199,113,87
1200,113,87
1201,113,87
1202,113,87
1203,113,87
1204,113,87
1205,113,87
1206,113,87
1207,113,87
1208,113,87
1209,113,87
1210,113,87
1211,113,87
1212,113,87
1213,113,87
1214,113,87
1215,113,87
1216,113,87
1217,113,87
1218,113,87
1219,113,87
1220,113,87
1221,113,87
1222,113,87
1223,113,87
1224,113,87
1225,113,87
1226,113,87
1227,113,87
1228,113,87
1229,113,87
1230,113,87
1231,113,87
1232,113,87
1233,113,87
1234,113,87
1235,113,87
1236,113,87
1237,113,87
1238,113,87
1239,113,87
1240,113,87
1241,113,87
1242,113,87
1243,113,87
1244,113,87
1245,113,87
1246,113,87
1247,113,87
1248,113,87
1249,113,87
1250,113,87
1251,113,87
1252,113,87
1253,113,87
1254,113,87
1255,113,87
1256,113,87
1257,113,87
1258,113,87
1259,113,87
1260,113,87
1261,113,87
1262,113,87
1263,113,87
1264,113,87
1265,113,87
1266,113,87
1267,113,87
1268,113,87
1269,113,87
1270,113,87
1271,113,87
1272,113,87
1273,113,87
1274,113,87
1275,113,87
1276,113,87
1277,113,87
1278,113,87
1279,113,87
1280,113,87
1281,113,87
1282,113,87
1283,113,87
1284,113,87
1285,113,87
1286,113,87
1287,113,87
1288,113,87
1289,113,87
1290,113,87
1291,113,87
1292,113,87
1293,113,87
1294,113,87
1295,113,87
1296,113,87
1297,113,87
1298,113,87
1299,113,87
1300,113,87
1301,113,87
1302,113,87
1303,113,87
1304,113,87
1305,113,87
1306,113,87
1307,113,87
1308,113,87
1309,113,87
1310,113,87
1311,113,87
1312,113,87
1313,113,87
1314,113,87
1315,113,87
1316,113,87
1317,113,87
1318,113,87
1319,113,87
1320,113,87
1321,113,87
1322,113,87
1323,113,87
1324,113,87
1325,113,87
1326,113,87
1327,113,87
1328,113,87
1329,113,87
1330,113,87
1331,113,87
1332,113,87
1333,113,87
1334,113,87
1335,113,87
1336,113,87
1337,113,87
1338,113,87
1339,113,87
1340,113,87
1341,113,87
1342,113,87
1343,113,87
1344,113,87
1345,113,87
1346,113,87
1347,113,87
1348,113,87
1349,113,87
1350,113,87
1351,113,87
1352,113,87
1353,113,87
1354,113,87
1355,113,87
1356,113,87
1357,113,87
1358,113,87
1359,113,87
1360,113,87
1361,113,87
1362,113,87
1363,113,87
1364,113,87
1365,113,87
1366,113,87
1367,113,87
1368,113,87
1369,113,87
1370,113,87
1371,113,87
1372,113,87
1373,113,87
1374,113,87
1375,113,87
1376,113,87
1377,113,87
1378,113,87
1379,113,87
1380,113,87
1381,113,87
1382,113,87
1383,113,87
1384,113,87
1385,113,87
1386,113,87
1387,113,87
1388,113,87
1389,113,87
1390,113,87
1391,113,87
1392,113,87
1393,113,87
1394,113,87
1395,113,87
1396,113,87
1397,113,87
1398,113,87
1399,113,87
1400,113,87
1401,113,87
1402,113,87
1403,113,87
1404,113,87
1405,113,87
1406,113,87
1407,113,87
1408,113,87
1409,113,87
1410,113,87
1411,113,87
1412,113,87
1413,113,87
1414,113,87
1415,113,87
1416,113,87
1417,113,87
1418,113,87
1419,113,87
1420,113,87
1421,113,87
1422,113,87
1423,113,87
1424,113,87
1425,113,87
1426,113,87
1427,113,87
1428,113,87
1429,113,87
1430,113,87
1431,113,87
1432,113,87
1433,113,87
1434,113,87
1435,113,87
1436,113,87
1437,113,87
1438,113,87
1439,113,87
1440,113,87
1441,113,87
1442,113,87
1443,113,87
1444,113,87
1445,113,87
1446,113,87
1447,113,87
1448,113,87
1449,113,87
1450,113,87
1451,113,87
1452,113,87
1453,113,87
1454,113,87
1455,113,87
1456,113,87
1457,113,87
1458,113,87
1459,113,87
1460,113,87
1461,113,87
1462,113,87
1463,113,87
1464,113,87
1465,113,87
1466,113,87
1467,113,87
1468,113,87
1469,113,87
1470,113,87
1471,113,87
1472,113,87
1473,113,87
1474,113,87
1475,113,87
1476,113,87
1477,113,87
1478,113,87
1479,113,87
1480,113,87
1481,113,87
1482,113,87
1483,113,87
1484,113,87
1485,113,87
1486,113,87
1487,113,87
1488,113,87
1489,113,87
1490,113,87
1491,113,87
1492,113,87
1493,113,87
1494,113,87
1495,113,87
1496,113,87
1497,113,87
1498,113,87
1499,113,87
1500,113,87
1501,113,87
1502,113,87
1503,113,87
1504,113,87
1505,113,87
1506,113,87
1507,113,87
1508,113,87
1509,113,87
1510,113,87
1511,113,87
1512,113,87
1513,113,87
1514,113,87
1515,113,87
1516,113,87
1517,113,87
1518,113,87
1519,113,87
1520,113,87
1521,113,87
1522,113,87
1523,113,87
1524,113,87
1525,113,87
1526,113,87
1527,113,87
1528,113,87
1529,113,87
1530,113,87
1531,113,87
1532,113,87
1533,113,87
1534,113,87
1535,113,87
1536,113,87
1537,113,87
1538,113,87
1539,113,87
1540,113,87
1541,113,87
1542,113,87
1543,113,87
1544,113,87
1545,113,87
1546,113,87
1547,113,87
1548,113,87
1549,113,87
1550,113,87
1551,113,87
1552,113,87
1553,113,87
1554,113,87
1555,113,87
1556,113,87
1557,113,87
1558,113,87
1559,113,87
1560,113,87
1561,113,87
1562,113,87
1563,113,87
1564,113,87
1565,113,87
1566,113,87
1567,113,87
1568,113,87
1569,113,87
1570,113,87
1571,113,87
1572,113,87
1573,113,87
1574,113,87
1575,113,87
1576,113,87
1577,113,87
1578,113,87
1579,113,87
1580,113,87
1581,113,87
1582,113,87
1583,113,87
1584,113,87
1585,113,87
1586,113,87
1587,113,87
1588,113,87
1589,113,87
1590,113,87
1591,113,87
1592,113,87
1593,113,87
1594,113,87
1595,113,87
1596,113,87
1597,113,87
1598,113,87
1599,113,87
1600,113,87
1601,113,87
1602,113,87
1603,113,87
1604,113,87
1605,113,87
1606,113,87
1607,113,87
1608,113,87
1609,113,87
1610,113,87
1611,113,87
1612,113,87
1613,113,87
1614,113,87
1615,113,87
1616,113,87
1617,113,87
1618,113,87
1619,113,87
1620,113,87
1621,113,87
1622,113,87
1623,113,87
1624,113,87
1625,113,87
1626,113,87
1627,113,87
1628,113,87
1629,113,87
1630,113,87
1631,113,87
1632,113,87
1633,113,87
1634,113,87
1635,113,87
1636,113,87
1637,113,87
1638,113,87
1639,113,87
1640,113,87
1641,113,87
1642,113,87
1643,113,87
1644,113,87
1645,113,87
1646,113,87
1647,113,87
1648,113,87
1649,113,87
1650,113,87
1651,113,87
1652,113,87
1653,113,87
1654,113,87
1655,113,87
1656,113,87
1657,113,87
1658,113,87
1659,113,87
1660,113,87
1661,113,87
1662,113,87
1663,113,87
1664,113,87
1665,113,87
1666,113,87
1667,113,87
1668,113,87
1669,113,87
1670,113,87
1671,113,87
1672,113,87
1673,113,87
1674,113,87
1675,113,87
1676,113,87
1677,113,87
1678,113,87
1679,113,87
1680,113,87
1681,113,87
1682,113,87
1683,113,87
1684,113,87
1685,113,87
1686,113,87
1687,113,87
1688,113,87
1689,113,87
1690,113,87
1691,113,87
1692,113,87
1693,113,87
1694,113,87
1695,113,87
1696,113,87
1697,113,87
1698,113,87
1699,113,87
1700,113,87
1701,113,87
1702,113,87
1703,113,87
1704,113,87
1705,113,87
1706,113,87
1707,113,87
1708,113,87
1709,113,87
1710,113,87
1711,113,87
1712,113,87
1713,113,87
1714,113,87
1715,113,87
1716,113,87
1717,113,87
1718,113,87
1719,113,87
1720,113,87
1721,113,87
1722,113,87
1723,113,87
1724,113,87
1725,113,87
1726,113,87
1727,113,87
1728,113,87
1729,113,87
1730,113,87
1731,113,87
1732,113,87
1733,113,87
1734,113,87
1735,113,87
1736,113,87
1737,113,87
1738,113,87
1739,113,87
1740,113,87
1741,113,87
1742,113,87
1743,113,87
1744,113,87
1745,113,87
1746,113,87
1747,113,87
1748,113,87
1749,113,87
1750,113,87
1751,113,87
1752,113,87
1753,113,87
1754,113,87
1755,113,87
1756,113,87
1757,113,87
1758,113,87
1759,113,87
1760,113,87
1761,113,87
1762,113,87
1763,113,87
1764,113,87
1765,113,87
1766,113,87
1767,113,87
1768,113,87
1769,113,87
1770,113,87
1771,113,87
1772,113,87
1773,113,87
1774,113,87
1775,113,87
1776,113,87
1777,113,87
1778,113,87
1779,113,87
1780,113,87
1781,113,87
1782,113,87
1783,113,87
1784,113,87
1785,113,87
1786,113,87
1787,113,87
1788,113,87
1789,113,87
1790,113,87
1791,113,87
1792,113,87
1793,113,87
1794,113,87
1795,113,87
1796,113,87
1797,113,87
1798,113,87
1799,113,87
1800,113,87
1801,113,87
1802,113,87
1803,113,87
1804,113,87
1805,113,87
1806,113,87
1807,113,87
1808,113,87
1809,113,87
1810,113,87
1811,113,87
1812,113,87
1813,113,87
1814,113,87
1815,113,87
1816,113,87
1817,113,87
1818,113,87
1819,113,87
1820,113,87
1821,113,87
1822,113,87
1823,113,87
1824,113,87
1825,113,87
1826,113,87
1827,113,87
1828,113,87
1829,113,87
1830,113,87
1831,113,87
1832,113,87
1833,113,87
1834,113,87
1835,113,87
1836,113,87
1837,113,87
1838,113,87
1839,113,87
1840,113,87
1841,113,87
1842,113,87
1843,113,87
1844,113,87
1845,113,87
1846,113,87
1847,113,87
1848,113,87
1849,113,87
1850,113,87
1851,113,87
1852,113,87
1853,113,87
1854,113,87
1855,113,87
1856,113,87
1857,113,87
1858,113,87
1859,113,87
1860,113,87
1861,113,87
1862,113,87
1863,113,87
1864,113,87
1865,113,87
1866,113,87
1867,113,87
1868,113,87
1869,113,87
1870,113,87
1871,113,87
1872,113,87
1873,113,87
1874,113,87
1875,113,87
1876,113,87
1877,113,87
1878,113,87
1879,113,87
1880,113,87
1881,113,87
1882,113,87
1883,113,87
1884,113,87
1885,113,87
1886,113,87
1887,113,87
1888,113,87
1889,113,87
1890,113,87
1891,113,87
1892,113,87
1893,113,87
1894,113,87
1895,113,87
1896,113,87
1897,113,87
1898,113,87
1899,113,87
1900,113,87
1901,113,87
1902,113,87
1903,113,87
1904,113,87
1905,113,87
1906,113,87
1907,113,87
1908,113,87
1909,113,87
1910,113,87
1911,113,87
1912,113,87
1913,113,87
1914,113,87
1915,113,87
1916,113,87
1917,113,87
1918,113,87
1919,113,87
1920,113,87
1921,113,87
1922,113,87
1923,113,87
1924,113,87
1925,113,87
1926,113,87
1927,113,87
1928,113,87
1929,113,87
1930,113,87
1931,113,87
1932,113,87
1933,113,87
1934,113,87
1935,113,87
1936,113,87
1937,113,87
1938,113,87
1939,113,87
1940,113,87
1941,113,87
1942,113,87
1943,113,87
1944,113,87
1945,113,87
1946,113,87
1947,113,87
1948,113,87
1949,113,87
1950,113,87
1951,113,87
1952,113,87
1953,113,87
1954,113,87
1955,113,87
1956,113,87
1957,113,87
1958,113,87
1959,113,87
1960,113,87
1961,113,87
1962,113,87
1963,113,87
1964,113,87
1965,113,87
1966,113,87
1967,113,87
1968,113,87
1969,113,87
1970,113,87
1971,113,87
1972,113,87
1973,113,87
1974,113,87
1975,113,87
1976,113,87
1977,113,87
1978,113,87
1979,113,87
1980,113,87
1981,113,87
1982,113,87
1983,113,87
1984,113,87
1985,113,87
1986,113,87
1987,113,87
1988,113,87
1989,113,87
1990,113,87
1991,113,87
1992,113,87
1993,113,87
1994,113,87
1995,113,87
1996,113,87
1997,113,87
1998,113,87
1999,113,87
2000,113,87
2001,113,87
2002,113,87
2003,113,87
2004,113,87
2005,113,87
2006,113,87
2007,113,87
2008,113,87
2009,113,87
2010,113,87
2011,113,87
2012,113,87
2013,113,87
2014,113,87
2015,113,87
2016,113,87
2017,113,87
2018,113,87
2019,113,87
2020,113,87
2021,113,87
2022,113,87
2023,113,87
2024,113,87
2025,113,87
2026,113,87
2027,113,87
2028,113,87
2029,113,87
2030,113,87
2031,113,87
2032,113,87
2033,113,87
2034,113,87
2035,113,87
2036,113,87
2037,113,87
2038,113,87
2039,113,87
2040,113,87
2041,113,87
2042,113,87
2043,113,87
2044,113,87
2045,113,87
2046,113,87
2047,113,87
2048,113,87
2049,113,87
2050,113,87
2051,113,87
2052,113,87
2053,113,87
2054,113,87
2055,113,87
2056,113,87
2057,113,87
2058,113,87
2059,113,87
2060,113,87
2061,113,87
2062,113,87
2063,113,87
2064,113,87
2065,113,87
2066,113,87
2067,113,87
2068,113,87
2069,113,87
2070,113,87
2071,113,87
2072,113,87
2073,113,87
2074,113,87
2075,113,87
2076,113,87
2077,113,87
2078,113,87
2079,113,87
2080,113,87
2081,113,87
2082,113,87
2083,113,87
2084,113,87
2085,113,87
2086,113,87
2087,113,87
2088,113,87
2089,113,87
2090,113,87
2091,113,87
2092,113,87
2093,113,87
2094,113,87
2095,113,87
2096,113,87
2097,113,87
2098,113,87
2099,113,87
2100,113,87
2101,113,87
2102,113,87
2103,113,87
2104,113,87
2105,113,87
2106,113,87
2107,113,87
2108,113,87
2109,113,87
2110,113,87
2111,113,87
2112,113,87
2113,113,87
2114,113,87
2115,113,87
2116,113,87
2117,113,87
2118,113,87
2119,113,87
2120,113,87
2121,113,87
2122,113,87
2123,113,87
2124,113,87
2125,113,87
2126,113,87
2127,113,87
2128,113,87
2129,113,87
2130,113,87
2131,113,87
2132,113,87
2133,113,87
2134,113,87
2135,113,87
2136,113,87
2137,113,87
2138,113,87
2139,113,87
2140,113,87
2141,113,87
2142,113,87
2143,113,87
2144,113,87
2145,113,87
2146,113,87
2147,113,87
2148,113,87
2149,113,87
2150,113,87
2151,113,87
2152,113,87
2153,113,87
2154,113,87
2155,113,87
2156,113,87
2157,113,87
2158,113,87
2159,113,87
2160,113,87
2161,113,87
2162,113,87
2163,113,87
2164,113,87
2165,113,87
2166,113,87
2167,113,87
2168,113,87
2169,113,87
2170,113,87
2171,113,87
2172,113,87
2173,113,87
2174,113,87
2175,113,87
2176,113,87
2177,113,87
2178,113,87
2179,113,87
2180,113,87
2181,113,87
2182,113,87
2183,113,87
2184,113,87
2185,113,87
2186,113,87
2187,113,87
2188,113,87
2189,113,87
2190,113,87
2191,113,87
2192,113,87
2193,113,87
2194,113,87
2195,113,87
2196,113,87
2197,113,87
2198,113,87
2199,113,87
2200,113,87
2201,113,87
2202,113,87
2203,113,87
2204,113,87
2205,113,87
2206,113,87
2207,113,87
2208,113,87
2209,113,87
2210,113,87
2211,113,87
2212,113,87
2213,113,87
2214,113,87
2215,113,87
2216,113,87
2217,113,87
2218,113,87
2219,113,87
2220,113,87
2221,113,87
2222,113,87
2223,113,87
2224,113,87
2225,113,87
2226,113,87
2227,113,87
2228,113,87
2229,113,87
2230,113,87
2231,113,87
2232,113,87
2233,113,87
2234,113,87
2235,113,87
2236,113,87
2237,113,87
2238,113,87
2239,113,87
2240,113,87
2241,113,87
2242,113,87
2243,113,87
2244,113,87
2245,113,87
2246,113,87
2247,113,87
2248,113,87
2249,113,87
2250,113,87
2251,113,87
2252,113,87
2253,113,87
2254,113,87
2255,113,87
2256,113,87
2257,113,87
2258,113,87
2259,113,87
2260,113,87
2261,113,87
2262,113,87
2263,113,87
2264,113,87
2265,113,87
2266,113,87
2267,113,87
2268,113,87
2269,113,87
2270,113,87
2271,113,87
2272,113,87
2273,113,87
2274,113,87
2275,113,87
2276,113,87
2277,113,87
2278,113,87
2279,113,87
2280,113,87
2281,113,87
2282,113,87
2283,113,87
2284,113,87
2285,113,87
2286,113,87
2287,113,87
2288,113,87
2289,113,87
2290,113,87
2291,113,87
2292,113,87
2293,113,87
2294,113,87
2295,113,87
2296,113,87
2297,113,87
2298,113,87
2299,113,87
2300,113,87
2301,113,87
2302,113,87
2303,113,87
2304,113,87
2305,113,87
2306,113,87
2307,113,87
2308,113,87
2309,113,87
2310,113,87
2311,113,87
2312,113,87
2313,113,87
2314,113,87
2315,113,87
2316,113,87
2317,113,87
2318,113,87
2319,113,87
2320,113,87
2321,113,87
2322,113,87
2323,113,87
2324,113,87
2325,113,87
2326,113,87
2327,113,87
2328,113,87
2329,113,87
2330,113,87
2331,113,87
2332,113,87
2333,113,87
2334,113,87
2335,113,87
2336,113,87
2337,113,87
2338,113,87
2339,113,87
2340,113,87
2341,113,87
2342,113,87
2343,113,87
2344,113,87
2345,113,87
2346,113,87
2347,113,87
2348,113,87
2349,113,87
2350,113,87
2351,113,87
2352,113,87
2353,113,87
2354,113,87
2355,113,87
2356,113,87
2357,113,87
2358,113,87
2359,113,87
2360,113,87
2361,113,87
2362,113,87
2363,113,87
2364,113,87
2365,113,87
2366,113,87
2367,113,87
2368,113,87
2369,113,87
2370,113,87
2371,113,87
2372,113,87
2373,113,87
2374,113,87
2375,113,87
2376,113,87
2377,113,87
2378,113,87
2379,113,87
2380,113,87
2381,113,87
2382,113,87
2383,113,87
2384,113,87
2385,113,87
2386,113,87
2387,113,87
2388,113,87
2389,113,87
2390,113,87
2391,113,87
2392,113,87
2393,113,87
2394,113,87
2395,113,87
2396,113,87
2397,113,87
2398,113,87
2399,113,87
2400,113,87
2401,113,87
2402,113,87
2403,113,87
2404,113,87
2405,113,87
2406,113,87
2407,113,87
2408,113,87
2409,113,87
2410,113,87
2411,113,87
2412,113,87
2413,113,87
2414,113,87
2415,113,87
2416,113,87
2417,113,87
2418,113,87
2419,113,87
2420,113,87
2421,113,87
2422,113,87
2423,113,87
2424,113,87
2425,113,87
2426,113,87
2427,113,87
2428,113,87
2429,113,87
2430,113,87
2431,113,87
2432,113,87
2433,113,87
2434,113,87
2435,113,87
2436,113,87
2437,113,87
2438,113,87
2439,113,87
2440,113,87
2441,113,87
2442,113,87
2443,113,87
2444,113,87
2445,113,87
2446,113,87
2447,113,87
2448,113,87
2449,113,87
2450,113,87
2451,113,87
2452,113,87
2453,113,87
2454,113,87
2455,113,87
2456,113,87
2457,113,87
2458,113,87
2459,113,87
2460,113,87
2461,113,87
2462,113,87
2463,113,87
2464,113,87
2465,113,87
2466,113,87
2467,113,87
2468,113,87
2469,113,87
2470,113,87
2471,113,87
2472,113,87
2473,113,87
2474,113,87
2475,113,87
2476,113,87
2477,113,87
2478,113,87
2479,113,87
2480,113,87
2481,113,87
2482,113,87
2483,113,87
2484,113,87
2485,113,87
2486,113,87
2487,113,87
2488,113,87
2489,113,87
2490,113,87
2491,113,87
2492,113,87
2493,113,87
2494,113,87
2495,113,87
2496,113,87
2497,113,87
2498,113,87
2499,113,87
2500,113,87
2501,113,87
2502,113,87
2503,113,87
2504,113,87
2505,113,87
2506,113,87
2507,113,87
2508,113,87
2509,113,87
2510,113,87
2511,113,87
2512,113,87
2513,113,87
2514,113,87
2515,113,87
2516,113,87
2517,113,87
2518,113,87
2519,113,87
2520,113,87
2521,113,87
2522,113,87
2523,113,87
2524,113,87
2525,113,87
2526,113,87
2527,113,87
2528,113,87
2529,113,87
2530,113,87
2531,113,87
2532,113,87
2533,113,87
2534,113,87
2535,113,87
2536,113,87
2537,113,87
2538,113,87
2539,113,87
2540,113,87
2541,113,87
2542,113,87
2543,113,87
2544,113,87
2545,113,87
2546,113,87
2547,113,87
2548,113,87
2549,113,87
2550,113,87
2551,113,87
2552,113,87
2553,113,87
2554,113,87
2555,113,87
2556,113,87
2557,113,87
2558,113,87
2559,113,87
2560,113,87
2561,113,87
2562,113,87
2563,113,87
2564,113,87
2565,113,87
2566,113,87
2567,113,87
2568,113,87
2569,113,87
2570,113,87
2571,113,87
2572,113,87
2573,113,87
2574,113,87
2575,113,87
2576,113,87
2577,113,87
2578,113,87
2579,113,87
2580,113,87
2581,113,87
2582,113,87
2583,113,87
2584,113,87
2585,113,87
2586,113,87
2587,113,87
2588,113,87
2589,113,87
2590,113,87
2591,113,87
2592,113,87
2593,113,87
2594,113,87
2595,113,87
2596,113,87
2597,113,87
2598,113,87
2599,113,87
2600,113,87
2601,113,87
2602,113,87
2603,113,87
2604,113,87
2605,113,87
2606,113,87
2607,113,87
2608,113,87
2609,113,87
2610,113,87
2611,113,87
2612,113,87
2613,113,87
2614,113,87
2615,113,87
2616,113,87
2617,113,87
2618,113,87
2619,113,87
2620,113,87
2621,113,87
2622,113,87
2623,113,87
2624,113,87
2625,113,87
2626,113,87
2627,113,87
2628,113,87
2629,113,87
2630,113,87
2631,113,87
2632,113,87
2633,113,87
2634,113,87
2635,113,87
2636,113,87
2637,113,87
2638,113,87
2639,113,87
2640,113,87
2641,113,87
2642,113,87
2643,113,87
2644,113,87
2645,113,87
2646,113,87
2647,113,87
2648,113,87
2649,113,87
2650,113,87
2651,113,87
2652,113,87
2653,113,87
2654,113,87
2655,113,87
2656,113,87
2657,113,87
2658,113,87
2659,113,87
2660,113,87
2661,113,87
2662,113,87
2663,113,87
2664,113,87
2665,113,87
2666,113,87
2667,113,87
2668,113,87
2669,113,87
2670,113,87
2671,113,87
2672,113,87
2673,113,87
2674,113,87
2675,113,87
2676,113,87
2677,113,87
2678,113,87
2679,113,87
2680,113,87
2681,113,87
2682,113,87
2683,113,87
2684,113,87
2685,113,87
2686,113,87
2687,113,87
2688,113,87
2689,113,87
2690,113,87
2691,112,87
2692,112,87
2693,112,87
2694,112,87
2695,112,87
2696,112,87
2697,112,87
2698,112,87
2699,112,87
2700,112,87
2701,112,87
2702,112,87
2703,112,87
2704,112,87
2705,112,87
2706,112,87
2707,112,87
2708,112,87
2709,112,87
2710,112,87
2711,112,87
2712,112,87
2713,112,87
2714,112,87
2715,112,87
2716,112,87
2717,112,87
2718,112,87
2719,112,87
2720,112,87
2721,112,87
2722,112,87
2723,112,87
2724,112,87
2725,112,87
2726,112,87
2727,112,87
2728,112,87
2729,112,87
2730,112,87
2731,112,87
2732,112,87
2733,112,87
2734,112,87
2735,112,87
2736,112,87
2737,112,87
2738,112,87
2739,112,87
2740,112,87
2741,112,87
2742,112,87
2743,112,87
2744,112,87
2745,112,87
2746,112,87
2747,112,87
2748,112,87
2749,112,87
2750,112,87
2751,112,87
2752,112,87
2753,112,87
2754,112,87
2755,112,87
2756,112,87
2757,112,87
2758,112,87
2759,112,87
2760,112,87
2761,112,87
2762,112,87
2763,112,87
2764,112,87
2765,112,87
2766,112,87
2767,112,87
2768,112,87
2769,112,87
2770,112,87
2771,112,87
2772,112,87
2773,112,87
2774,112,87
2775,112,87
2776,112,87
2777,112,87
2778,112,87
2779,112,87
2780,112,87
2781,112,87
2782,112,87
2783,112,87
2784,112,87
2785,112,87
2786,112,87
2787,112,87
2788,112,87
2789,112,87
2790,112,87
2791,112,87
2792,112,87
2793,112,87
2794,112,87
2795,112,87
2796,112,87
2797,112,87
2798,112,87
2799,112,87
2800,112,87
2801,112,87
2802,112,87
2803,112,87
2804,112,87
2805,112,87
2806,112,87
2807,112,87
2808,112,87
2809,112,87
2810,112,87
2811,112,87
2812,112,87
2813,112,87
2814,112,87
2815,112,87
2816,112,87
2817,112,87
2818,112,87
2819,112,87
2820,112,87
2821,112,87
2822,112,87
2823,112,87
2824,112,87
2825,112,87
2826,112,87
2827,112,87
2828,112,87
2829,112,87
2830,112,87
2831,112,87
2832,112,87
2833,112,87
2834,112,87
2835,112,87
2836,112,87
2837,112,87
2838,112,87
2839,112,87
2840,112,87
2841,112,87
2842,112,87
2843,112,87
2844,112,87
2845,112,87
2846,112,87
2847,112,87
2848,112,87
2849,112,87
2850,112,87
2851,112,87
2852,112,87
2853,112,87
2854,112,87
2855,112,87
2856,112,87
2857,112,87
2858,112,87
2859,112,87
2860,112,87
2861,112,87
2862,112,87
2863,112,87
2864,112,87
2865,112,87
2866,112,87
2867,112,87
2868,112,87
2869,112,87
2870,112,87
2871,112,87
2872,112,87
2873,112,87
2874,112,87
2875,112,87
2876,112,87
2877,112,87
2878,112,87
2879,112,87
2880,112,87
2881,112,87
2882,112,87
2883,112,87
2884,112,87
2885,112,87
2886,112,87
2887,112,87
2888,112,87
2889,112,87
2890,112,87
2891,112,87
2892,112,87
2893,113,87
2894,113,87
2895,113,87
2896,113,87
2897,113,87
2898,113,87
2899,113,87
2900,113,87
2901,113,87
2902,113,87
2903,113,87
2904,113,87
2905,113,87
2906,113,87
2907,113,87
2908,113,87
2909,113,87
2910,113,87
2911,113,87
2912,113,87
2913,113,87
2914,113,87
2915,113,87
2916,113,87
2917,113,87
2918,113,87
2919,113,87
2920,113,87
2921,113,87
2922,113,87
2923,113,87
2924,113,87
2925,113,87
2926,113,87
2927,113,87
2928,113,87
2929,113,87
2930,113,87
2931,113,87
2932,113,87
2933,113,87
2934,113,87
2935,113,87
2936,113,87
2937,113,87
2938,113,87
2939,113,87
2940,113,87
2941,113,87
2942,113,87
2943,113,87
2944,113,87
2945,113,87
2946,113,87
2947,113,87
2948,113,87
2949,113,87
2950,113,87
2951,113,87
2952,113,87
2953,113,87
2954,113,87
2955,113,87
2956,113,87
2957,113,87
2958,113,87
2959,113,87
2960,113,87
2961,113,87
2962,113,87
2963,113,87
2964,113,87
2965,113,87
2966,113,87
2967,113,87
2968,113,87
2969,113,87
2970,113,87
2971,113,87
2972,113,87
2973,113,87
2974,113,87
2975,113,87
2976,113,87
2977,113,87
2978,113,87
2979,113,87
2980,113,87
2981,113,87
2982,113,87
2983,113,87
2984,113,87
2985,113,87
2986,113,87
2987,113,87
2988,113,87
2989,113,87
2990,113,87
2991,113,87
2992,113,87
2993,113,87
2994,113,87
2995,113,87
2996,113,87
2997,113,87
2998,113,87
2999,113,87
3000,113,87
3001,113,87
3002,113,87
3003,113,87
3004,113,87
3005,113,87
3006,113,87
3007,113,87
3008,113,87
3009,113,87
3010,113,87
3011,113,87
3012,113,87
3013,113,87
3014,113,87
3015,113,87
3016,113,87
3017,113,87
3018,113,87
3019,113,87
3020,113,87
3021,113,87
3022,113,87
3023,113,87
3024,113,87
3025,113,87
3026,113,87
3027,113,87
3028,113,87
3029,113,87
3030,113,87
3031,113,87
3032,113,87
3033,113,87
3034,113,87
3035,113,87
3036,113,87
3037,113,87
3038,113,87
3039,113,87
3040,113,87
3041,113,87
3042,113,87
3043,113,87
3044,113,87
3045,113,87
3046,113,87
3047,113,87
3048,113,87
3049,113,87
3050,113,87
3051,113,87
3052,113,87
3053,113,87
3054,113,87
3055,113,87
3056,113,87
3057,113,87
3058,113,87
3059,113,87
3060,113,87
3061,113,87
3062,113,87
3063,113,87
3064,113,87
3065,113,87
3066,113,87
3067,113,87
3068,113,87
3069,113,87
3070,113,87
3071,113,87
3072,113,87
3073,113,87
3074,113,87
3075,113,87
3076,113,87
3077,113,87
3078,113,87
3079,113,87
3080,113,87
3081,113,87
3082,113,87
3083,113,87
3084,113,87
3085,113,87
3086,113,87
3087,113,87
3088,113,87
3089,113,87
3090,113,87
3091,113,87
3092,113,87
3093,113,87
3094,113,87
3095,113,87
3096,113,87
3097,113,87
3098,113,87
3099,113,87
3100,113,87
3101,113,87
3102,113,87
3103,113,87
3104,113,87
3105,113,87
3106,113,87
3107,113,87
3108,113,87
3109,113,87
3110,113,87
3111,113,87
3112,113,87
3113,113,87
3114,113,87
3115,113,87
3116,113,87
3117,113,87
3118,113,87
3119,113,87
3120,113,87
3121,113,87
3122,113,87
3123,113,87
3124,113,87
3125,113,87
3126,113,87
3127,113,87
3128,113,87
3129,113,87
3130,113,87
3131,113,87
3132,113,87
3133,113,87
3134,113,87
3135,113,87
3136,113,87
3137,113,87
3138,113,87
3139,113,87
3140,113,87
3141,113,87
3142,113,87
3143,113,87
3144,113,87
3145,113,87
3146,113,87
3147,113,87
3148,113,87
3149,113,87
3150,113,87
3151,113,87
3152,113,87
3153,113,87
3154,113,87
3155,113,87
3156,113,87
3157,113,87
3158,113,87
3159,113,87
3160,113,87
3161,113,87
3162,113,87
3163,113,87
3164,113,87
3165,113,87
3166,113,87
3167,113,87
3168,113,87
3169,113,87
3170,113,87
3171,113,87
3172,113,87
3173,113,87
3174,113,87
3175,113,87
3176,113,87
3177,113,87
3178,113,87
3179,113,87
3180,113,87
3181,113,87
3182,113,87
3183,113,87
3184,113,87
3185,113,87
3186,113,87
3187,113,87
3188,113,87
3189,113,87
3190,113,87
3191,113,87
3192,113,87
3193,113,87
3194,113,87
3195,113,87
3196,113,87
3197,113,87
3198,113,87
3199,113,87
3200,113,87
3201,113,87
3202,113,87
3203,113,87
3204,113,87
3205,113,87
3206,113,87
3207,113,87
3208,113,87
3209,113,87
3210,113,87
3211,113,87
3212,113,87
3213,113,87
3214,113,87
3215,113,87
3216,113,87
3217,113,87
3218,113,87
3219,113,87
3220,113,87
3221,113,87
3222,113,87
3223,113,87
3224,113,87
3225,113,87
3226,113,87
3227,113,87
3228,113,87
3229,113,87
3230,113,87
3231,113,87
3232,113,87
3233,113,87
3234,113,87
3235,113,87
3236,113,87
3237,113,87
3238,113,87
3239,113,87
3240,113,87
3241,113,87
3242,113,87
3243,113,87
3244,113,87
3245,113,87
3246,113,87
3247,113,87
3248,113,87
3249,113,87
3250,113,87
3251,113,87
3252,113,87
3253,113,87
3254,113,87
3255,113,87
3256,113,87
3257,113,87
3258,113,87
3259,113,87
3260,113,87
3261,113,87
3262,113,87
3263,113,87
3264,113,87
3265,113,87
3266,113,87
3267,113,87
3268,113,87
3269,113,87
3270,113,87
3271,113,87
3272,113,87
3273,113,87
3274,113,87
3275,113,87
3276,113,87
3277,113,87
3278,113,87
3279,113,87
3280,113,87
3281,113,87
3282,113,87
3283,113,87
3284,113,87
3285,113,87
3286,113,87
3287,113,87
3288,113,87
3289,113,87
3290,113,87
3291,113,87
3292,113,87
3293,113,87
3294,113,87
3295,113,87
3296,113,87
3297,113,87
3298,113,87
3299,113,87
3300,113,87
3301,113,87
3302,113,87
3303,113,87
3304,113,87
3305,113,87
3306,113,87
3307,113,87
3308,113,87
3309,113,87
3310,113,87
3311,113,87
3312,113,87
3313,113,87
3314,113,87
3315,113,87
3316,113,87
3317,113,87
3318,113,87
3319,113,87
3320,113,87
3321,113,87
3322,113,87
3323,113,87
3324,113,87
3325,113,87
3326,113,87
3327,113,87
3328,113,87
3329,113,87
3330,113,87
3331,113,87
3332,113,87
3333,113,87
3334,113,87
3335,113,87
3336,113,87
3337,113,87
3338,113,87
3339,113,87
3340,113,87
3341,113,87
3342,113,87
3343,113,87
3344,113,87
3345,113,87
3346,113,87
3347,113,87
3348,113,87
3349,113,87
3350,113,87
3351,113,87
3352,113,87
3353,113,87
3354,113,87
3355,113,87
3356,113,87
3357,113,87
3358,113,87
3359,113,87
3360,113,87
3361,113,87
3362,113,87
3363,113,87
3364,113,87
3365,113,87
3366,113,87
3367,113,87
3368,113,87
3369,113,87
3370,113,87
3371,113,87
3372,113,87
3373,113,87
3374,113,87
3375,113,87
3376,113,87
3377,113,87
3378,113,87
3379,113,87
3380,113,87
3381,113,87
3382,113,87
3383,113,87
3384,113,87
3385,113,87
3386,113,87
3387,113,87
3388,113,87
3389,113,87
3390,113,87
3391,113,87
3392,113,87
3393,113,87
3394,113,87
3395,113,87
3396,113,87
3397,113,87
3398,113,87
3399,113,87
3400,113,87
3401,113,87
3402,113,87
3403,113,87
3404,113,87
3405,113,87
3406,113,87
3407,113,87
3408,113,87
3409,113,87
3410,113,87
3411,113,87
3412,113,87
3413,113,87
3414,113,87
3415,113,87
3416,113,87
3417,113,87
3418,113,87
3419,113,87
3420,113,87
3421,113,87
3422,113,87
3423,113,87
3424,113,87
3425,113,87
3426,113,87
3427,113,87
3428,113,87
3429,113,87
3430,113,87
3431,113,87
3432,113,87
3433,113,87
3434,113,87
3435,113,87
3436,113,87
3437,113,87
3438,113,87
3439,113,87
3440,113,87
3441,113,87
3442,113,87
3443,113,87
3444,113,87
3445,113,87
3446,113,87
3447,113,87
3448,113,87
3449,113,87
3450,113,87
3451,113,87
3452,113,87
3453,113,87
3454,113,87
3455,113,87
3456,113,87
3457,113,87
3458,113,87
3459,113,87
3460,113,87
3461,113,87
3462,113,87
3463,113,87
3464,113,87
3465,113,87
3466,113,87
3467,113,87
3468,113,87
3469,113,87
3470,113,87
3471,113,87
3472,113,87
3473,113,87
3474,113,87
3475,113,87
3476,113,87
3477,113,87
3478,113,87
3479,113,87
3480,113,87
3481,113,87
3482,113,87
3483,113,87
3484,113,87
3485,113,87
3486,113,87
3487,113,87
3488,113,87
3489,113,87
3490,113,87
3491,113,87
3492,113,87
3493,113,87
3494,113,87
3495,113,87
3496,113,87
3497,113,87
3498,113,87
3499,113,87
3500,113,87
3501,113,87
3502,113,87
3503,113,87
3504,113,87
3505,113,87
3506,113,87
3507,113,87
3508,113,87
3509,113,87
3510,113,87
3511,113,87
3512,113,87
3513,113,87
3514,113,87
3515,113,87
3516,113,87
3517,113,87
3518,113,87
3519,113,87
3520,113,87
3521,113,87
3522,113,87
3523,113,87
3524,113,87
3525,113,87
3526,113,87
3527,113,87
3528,113,87
3529,113,87
3530,113,87
3531,113,87
3532,113,87
3533,113,87
3534,113,87
3535,113,87
3536,113,87
3537,113,87
3538,113,87
3539,113,87
3540,113,87
3541,113,87
3542,113,87
3543,113,87
3544,113,87
3545,113,87
3546,113,87
3547,113,87
3548,113,87
3549,113,87
3550,113,87
3551,113,87
3552,113,87
3553,113,87
3554,113,87
3555,113,87
3556,113,87
3557,113,87
3558,113,87
3559,113,87
3560,113,87
3561,113,87
3562,113,87
3563,113,87
3564,113,87
3565,113,87
3566,113,87
3567,113,87
3568,113,87
3569,113,87
3570,113,87
3571,113,87
3572,113,87
3573,113,87
3574,113,87
3575,113,87
3576,113,87
3577,113,87
3578,113,87
3579,113,87
3580,113,87
3581,113,87
3582,113,87
3583,113,87
3584,113,87
3585,113,87
3586,113,87
3587,113,87
3588,113,87
3589,113,87
3590,113,87
3591,113,87
3592,113,87
3593,113,87
3594,113,87
3595,113,87
3596,113,87
3597,113,87
3598,113,87
3599,113,87
3600,113,87
3601,113,87
3602,113,87
3603,113,87
3604,113,87
3605,113,87
3606,113,87
3607,113,87
3608,113,87
3609,113,87
3610,113,87
3611,113,87
3612,113,87
3613,113,87
3614,113,87
3615,113,87
3616,113,87
3617,113,87
3618,113,87
3619,113,87
3620,113,87
3621,113,87
3622,113,87
3623,113,87
3624,113,87
3625,113,87
3626,113,87
3627,113,87
3628,113,87
3629,113,87
3630,113,87
3631,113,87
3632,113,87
3633,113,87
3634,113,87
3635,113,87
3636,113,87
3637,113,87
3638,113,87
3639,113,87
3640,113,87
3641,113,87
3642,113,87
3643,113,87
3644,113,87
3645,113,87
3646,113,87
3647,113,87
3648,113,87
3649,113,87
3650,113,87
3651,113,87
3652,113,87
3653,113,87
3654,113,87
3655,113,87
3656,113,87
3657,113,87
3658,113,87
3659,113,87
3660,112,87
3661,112,87
3662,112,87
3663,112,87
3664,112,87
3665,112,87
3666,112,87
3667,112,87
3668,112,87
3669,112,87
3670,112,88
3671,112,88
3672,112,88
3673,112,88
3674,112,88
3675,112,88
3676,112,88
3677,112,88
3678,112,88
3679,112,88
3680,112,88
3681,112,88
3682,112,88
3683,112,88
3684,112,88
3685,112,88
3686,112,88
3687,112,88
3688,112,88
3689,112,88
3690,112,88
3691,112,88
3692,112,88
3693,112,88
3694,112,88
3695,112,88
3696,112,88
3697,112,88
3698,112,88
3699,112,88
3700,112,88
3701,112,88
3702,112,88
3703,112,88
3704,112,88
3705,112,88
3706,112,88
3707,112,88
3708,112,88
3709,112,88
3710,112,88
3711,112,88
3712,112,88
3713,112,88
3714,112,88
3715,112,88
3716,112,88
3717,112,88
3718,112,88
3719,112,88
3720,112,88
3721,112,88
3722,112,88
3723,112,88
3724,112,88
3725,112,88
3726,112,88
3727,112,88
3728,112,88
3729,112,88
3730,112,88
3731,112,88
3732,112,88
3733,112,88
3734,112,88
3735,112,88
3736,112,88
3737,112,88
3738,112,88
3739,112,88
3740,112,88
3741,112,88
3742,112,88
3743,112,88
3744,112,88
3745,112,88
3746,112,88
3747,112,88
3748,112,88
3749,112,88
3750,112,88
3751,112,88
3752,112,88
3753,112,88
3754,112,88
3755,112,88
3756,112,88
3757,112,88
3758,112,88
3759,112,88
3760,112,88
3761,112,88
3762,112,88
3763,112,88
3764,112,88
3765,112,88
3766,112,88
3767,112,88
3768,112,88
3769,112,88
3770,112,88
3771,112,88
3772,112,88
3773,112,88
3774,112,88
3775,112,88
3776,112,88
3777,112,88
3778,112,88
3779,112,88
3780,112,88
3781,112,88
3782,112,88
3783,112,88
3784,112,88
3785,112,88
3786,112,88
3787,112,88
3788,112,88
3789,112,88
3790,112,88
3791,112,88
3792,112,88
3793,112,88
3794,112,88
3795,112,88
3796,112,88
3797,112,88
3798,112,88
3799,112,88
3800,112,88
3801,112,88
3802,112,88
3803,112,88
3804,112,88
3805,112,88
3806,112,88
3807,112,88
3808,112,88
3809,112,88
3810,112,88
3811,112,88
3812,112,88
3813,112,88
3814,112,88
3815,112,88
3816,112,88
3817,112,88
3818,112,88
3819,112,88
3820,112,88
3821,112,88
3822,112,88
3823,112,88
3824,112,88
3825,112,88
3826,112,88
3827,112,88
3828,112,88
3829,112,88
3830,112,88
3831,112,88
3832,112,88
3833,112,88
3834,112,88
3835,112,88
3836,112,88
3837,112,88
3838,112,88
3839,112,88
3840,112,88
3841,112,88
3842,112,88
3843,112,88
3844,112,88
3845,112,88
3846,112,88
3847,112,88
3848,112,88
3849,112,88
3850,112,88
3851,112,88
3852,112,88
3853,112,88
3854,112,88
3855,112,88
3856,112,88
3857,112,88
3858,112,88
3859,112,88
3860,112,88
3861,112,88
3862,112,88
3863,112,88
3864,112,88
3865,112,88
3866,112,88
3867,112,88
3868,112,88
3869,112,88
3870,112,88
3871,112,88
3872,112,88
3873,112,88
3874,112,88
3875,112,88
3876,112,88
3877,112,88
3878,112,88
3879,112,88
3880,112,88
3881,112,88
3882,112,88
3883,112,88
3884,112,88
3885,112,88
3886,112,88
3887,112,88
3888,112,88
3889,112,88
3890,112,88
3891,112,88
3892,112,88
3893,112,88
3894,112,88
3895,112,88
3896,112,88
3897,112,88
3898,112,88
3899,112,88
3900,112,88
3901,112,88
3902,112,88
3903,112,88
3904,112,88
3905,112,88
3906,112,88
3907,112,88
3908,112,88
3909,112,88
3910,112,88
3911,112,88
3912,112,88
3913,112,88
3914,112,88
3915,112,88
3916,112,88
3917,112,88
3918,112,88
3919,112,88
3920,112,88
3921,112,88
3922,112,88
3923,112,88
3924,112,88
3925,112,88
3926,112,88
3927,112,88
3928,112,88
3929,112,88
3930,112,88
3931,112,88
3932,112,88
3933,112,88
3934,112,88
3935,112,88
3936,112,88
3937,112,88
3938,112,88
3939,112,88
3940,112,88
3941,112,88
3942,112,88
3943,112,88
3944,112,88
3945,112,88
3946,112,88
3947,112,88
3948,112,88
3949,112,88
3950,112,88
3951,112,88
3952,112,88
3953,112,88
3954,112,88
3955,112,88
3956,112,88
3957,112,88
3958,112,88
3959,112,88
3960,112,88
3961,112,88
3962,112,88
3963,112,88
3964,112,88
3965,112,88
3966,112,88
3967,112,88
3968,112,88
3969,112,88
3970,112,88
3971,112,88
3972,112,88
3973,112,88
3974,112,88
3975,112,88
3976,112,88
3977,112,88
3978,112,88
3979,112,88
3980,112,88
3981,112,88
3982,112,88
3983,112,88
3984,112,88
3985,112,88
3986,112,88
3987,112,88
3988,112,88
3989,112,88
3990,112,88
3991,112,88
3992,112,88
3993,112,88
3994,112,88
3995,112,88
3996,112,88
3997,112,88
3998,112,88
3999,112,88
4000,112,88
4001,112,88
4002,112,88
4003,112,88
4004,112,88
4005,112,88
4006,112,88
4007,112,88
4008,112,88
4009,112,88
4010,112,88
4011,112,88
4012,112,88
4013,112,88
4014,112,88
4015,112,88
4016,112,88
4017,112,88
4018,112,88
4019,112,88
4020,112,88
4021,112,88
4022,112,88
4023,112,88
4024,112,88
4025,112,88
4026,112,88
4027,112,88
4028,112,88
4029,112,88
4030,112,88
4031,112,88
4032,112,88
4033,112,88
4034,112,88
4035,112,88
4036,112,88
4037,112,88
4038,112,88
4039,112,88
4040,112,88
4041,112,88
4042,112,88
4043,112,88
4044,112,88
4045,112,88
4046,112,88
4047,112,88
4048,112,88
4049,112,88
4050,112,88
4051,112,88
4052,112,88
4053,112,88
4054,112,88
4055,112,88
4056,112,88
4057,112,88
4058,112,88
4059,112,88
4060,112,88
4061,112,88
4062,112,88
4063,112,88
4064,112,88
4065,112,88
4066,112,88
4067,112,88
4068,112,88
4069,112,88
4070,112,88
4071,112,88
4072,112,88
4073,112,88
4074,112,88
4075,112,88
4076,112,88
4077,112,88
4078,112,88
4079,112,88
4080,112,88
4081,112,88
4082,112,88
4083,112,88
4084,112,88
4085,112,88
4086,112,88
4087,112,88
4088,112,88
4089,112,88
4090,112,88
4091,112,88
4092,112,88
4093,112,88
4094,112,88
4095,112,88
4096,112,88
4097,112,88
4098,112,88
4099,112,88
4100,112,88
4101,112,88
4102,112,88
4103,112,88
4104,112,88
4105,112,88
4106,112,88
4107,112,88
4108,112,88
4109,112,88
4110,112,88
4111,112,88
4112,112,88
4113,112,88
4114,112,88
4115,112,88
4116,112,88
4117,112,88
4118,112,88
4119,112,88
4120,112,88
4121,112,88
4122,112,88
4123,112,88
4124,112,88
4125,112,88
4126,112,88
4127,112,88
4128,112,88
4129,112,88
4130,112,88
4131,112,88
4132,112,88
4133,112,88
4134,112,88
4135,112,88
4136,112,88
4137,112,88
4138,112,88
4139,112,88
4140,112,88
4141,112,88
4142,112,88
4143,112,88
4144,112,88
4145,112,88
4146,112,88
4147,112,88
4148,112,88
4149,112,88
4150,112,88
4151,112,88
4152,112,88
4153,112,88
4154,112,88
4155,112,88
4156,112,88
4157,112,88
4158,112,88
4159,112,88
4160,112,88
4161,112,88
4162,112,88
4163,112,88
4164,112,88
4165,112,88
4166,112,88
4167,112,88
4168,112,88
4169,112,88
4170,112,88
4171,112,88
4172,112,88
4173,112,88
4174,112,88
4175,112,88
4176,112,88
4177,112,88
4178,112,88
4179,112,88
4180,112,88
4181,112,88
4182,112,88
4183,112,88
4184,112,88
4185,112,88
4186,112,88
4187,112,88
4188,112,88
4189,112,88
4190,112,88
4191,112,88
4192,112,88
4193,112,88
4194,112,88
4195,112,88
4196,112,88
4197,112,88
4198,112,88
4199,112,88
4200,112,88
4201,112,88
4202,112,88
4203,112,88
4204,112,88
4205,112,88
4206,112,88
4207,112,88
4208,112,88
4209,112,88
4210,112,88
4211,112,88
4212,112,88
4213,112,88
4214,112,88
4215,112,88
4216,112,88
4217,112,88
4218,112,88
4219,112,88
4220,112,88
4221,112,88
4222,112,88
4223,112,88
4224,112,88
4225,112,88
4226,112,88
4227,112,88
4228,112,88
4229,112,88
4230,112,88
4231,112,88
4232,112,88
4233,112,88
4234,112,88
4235,112,88
4236,112,88
4237,112,88
4238,112,88
4239,112,88
4240,112,88
4241,112,88
4242,112,88
4243,112,88
4244,112,88
4245,112,88
4246,112,88
4247,112,88
4248,112,88
4249,112,88
4250,112,88
4251,112,88
4252,112,88
4253,112,88
4254,112,88
4255,112,88
4256,112,88
4257,112,88
4258,112,88
4259,112,88
4260,112,88
4261,112,88
4262,112,88
4263,112,88
4264,112,88
4265,112,88
4266,112,88
4267,112,88
4268,112,88
4269,112,88
4270,112,88
4271,112,88
4272,112,88
4273,112,88
4274,112,88
4275,112,88
4276,112,88
4277,112,88
4278,112,88
4279,112,88
4280,112,88
4281,112,88
4282,112,88
4283,112,88
4284,112,88
4285,112,88
4286,112,88
4287,112,88
4288,112,88
4289,112,88
4290,112,88
4291,112,88
4292,112,88
4293,112,88
4294,112,88
4295,112,88
4296,112,88
4297,112,88
4298,112,88
4299,112,88
4300,112,88
4301,112,88
4302,112,88
4303,112,88
4304,112,88
4305,112,88
4306,112,88
4307,112,88
4308,112,88
4309,112,88
4310,112,88
4311,112,88
4312,112,88
4313,112,88
4314,112,88
4315,112,88
4316,112,88
4317,112,88
4318,112,88
4319,112,88
4320,112,88
4321,112,88
4322,112,88
4323,112,88
4324,112,88
4325,112,88
4326,112,88
4327,112,88
4328,112,88
4329,112,88
4330,112,88
4331,112,88
4332,112,88
4333,112,88
4334,112,88
4335,112,88
4336,112,88
4337,112,88
4338,112,88
4339,112,88
4340,112,88
4341,112,88
4342,112,88
4343,112,88
4344,112,88
4345,112,88
4346,112,88
4347,112,88
4348,112,88
4349,112,88
4350,112,88
4351,112,88
4352,112,88
4353,112,88
4354,112,88
4355,112,88
4356,112,88
4357,112,88
4358,112,88
4359,112,88
4360,112,88
4361,112,88
4362,112,88
4363,112,88
4364,112,88
4365,112,88
4366,112,88
4367,112,88
4368,112,88
4369,112,88
4370,112,88
4371,112,88
4372,112,88
4373,112,88
4374,112,88
4375,112,88
4376,112,88
4377,112,88
4378,112,88
4379,112,88
4380,112,88
4381,112,88
4382,112,88
4383,112,88
4384,112,88
4385,112,88
4386,112,88
4387,112,88
4388,112,88
4389,112,88
4390,112,88
4391,112,88
4392,112,88
4393,112,88
4394,112,88
4395,112,88
4396,112,88
4397,112,88
4398,112,88
4399,112,88
4400,112,88
4401,112,88
4402,112,88
4403,112,88
4404,112,88
4405,112,88
4406,112,88
4407,112,88
4408,112,88
4409,112,88
4410,112,88
4411,112,88
4412,112,88
4413,112,88
4414,112,88
4415,112,88
4416,112,88
4417,112,88
4418,112,88
4419,112,88
4420,112,88
4421,112,88
4422,112,88
4423,112,88
4424,112,88
4425,112,88
4426,112,88
4427,112,88
4428,112,88
4429,112,88
4430,112,88
4431,112,88
4432,112,88
4433,112,88
4434,112,88
4435,112,88
4436,112,88
4437,112,88
4438,112,88
4439,112,88
4440,112,88
4441,112,88
4442,112,88
4443,112,88
4444,112,88
4445,112,88
4446,112,88
4447,112,88
4448,112,88
4449,112,88
4450,112,88
4451,112,88
4452,112,88
4453,112,88
4454,112,88
4455,112,88
4456,112,88
4457,112,88
4458,112,88
4459,112,88
4460,112,88
4461,112,88
4462,112,88
4463,112,88
4464,112,88
4465,112,88
4466,112,88
4467,112,88
4468,112,88
4469,112,88
4470,112,88
4471,112,88
4472,112,88
4473,112,88
4474,112,88
4475,112,88
4476,112,88
4477,112,88
4478,112,88
4479,112,88
4480,112,88
4481,112,88
4482,112,88
4483,112,88
4484,112,88
4485,112,88
4486,112,88
4487,112,88
4488,112,88
4489,112,88
4490,112,88
4491,112,88
4492,112,88
4493,112,88
4494,112,88
4495,112,88
4496,112,88
4497,112,88
4498,112,88
4499,112,88
4500,112,88
4501,112,88
4502,112,88
4503,112,88
4504,112,88
4505,112,88
4506,112,88
4507,112,88
4508,112,88
4509,112,88
4510,112,88
4511,112,88
4512,112,88
4513,112,88
4514,112,88
4515,112,88
4516,112,88
4517,112,88
4518,112,88
4519,112,88
4520,112,88
4521,112,88
4522,112,88
4523,112,88
4524,112,88
4525,112,88
4526,112,88
4527,112,88
4528,112,88
4529,112,88
4530,112,88
4531,112,88
4532,112,88
4533,112,88
4534,112,88
4535,112,88
4536,112,88
4537,112,88
4538,112,88
4539,112,88
4540,112,88
4541,112,88
4542,112,88
4543,112,88
4544,112,88
4545,112,88
4546,112,88
4547,112,88
4548,112,88
4549,112,88
4550,112,88
4551,112,88
4552,112,88
4553,112,88
4554,112,88
4555,112,88
4556,112,88
4557,112,88
4558,112,88
4559,112,88
4560,112,88
4561,112,88
4562,112,88
4563,112,88
4564,112,88
4565,112,88
4566,112,88
4567,112,88
4568,112,88
4569,112,88
4570,112,88
4571,112,88
4572,112,88
4573,112,88
4574,112,88
4575,112,88
4576,112,88
4577,112,88
4578,112,88
4579,112,88
4580,112,88
4581,112,88
4582,112,88
4583,112,88
4584,112,88
4585,112,88
4586,112,88
4587,112,88
4588,112,88
4589,112,88
4590,112,88
4591,112,88
4592,112,88
4593,112,88
4594,112,88
4595,112,88
4596,112,88
4597,112,88
4598,112,88
4599,112,88
4600,112,88
4601,112,88
4602,112,88
4603,112,88
4604,112,88
4605,112,88
4606,112,88
4607,112,88
4608,112,88
4609,112,88
4610,112,88
4611,112,88
4612,112,88
4613,112,88
4614,112,88
4615,112,88
4616,112,88
4617,112,88
4618,112,88
4619,112,88
4620,112,88
4621,112,88
4622,112,88
4623,112,88
4624,112,88
4625,112,88
4626,112,88
4627,112,88
4628,112,88
4629,112,88
4630,112,88
4631,112,88
4632,112,88
4633,112,88
4634,112,88
4635,112,88
4636,112,88
4637,112,88
4638,112,88
4639,112,88
4640,112,88
4641,112,88
4642,112,88
4643,112,88
4644,112,88
4645,112,88
4646,112,88
4647,112,88
4648,112,88
4649,112,88
4650,112,88
4651,112,88
4652,112,88
4653,112,88
4654,112,88
4655,112,88
4656,112,88
4657,112,88
4658,112,88
4659,112,88
4660,112,88
4661,112,88
4662,112,88
4663,112,88
4664,112,88
4665,112,88
4666,112,88
4667,112,88
4668,112,88
4669,112,88
4670,112,88
4671,112,88
4672,112,88
4673,112,88
4674,112,88
4675,112,88
4676,112,88
4677,112,88
4678,112,88
4679,112,88
4680,112,88
4681,112,88
4682,112,88
4683,112,88
4684,112,88
4685,112,88
4686,112,88
4687,112,88
4688,112,88
4689,112,88
4690,112,88
4691,112,88
4692,112,88
4693,112,88
4694,112,88
4695,112,88
4696,112,88
4697,112,88
4698,112,88
4699,112,88
4700,112,88
4701,112,88
4702,112,88
4703,112,88
4704,112,88
4705,112,88
4706,112,88
4707,112,88
4708,112,88
4709,112,88
4710,112,88
4711,112,88
4712,112,88
4713,112,88
4714,112,88
4715,112,88
4716,112,88
4717,112,88
4718,112,88
4719,112,88
4720,112,88
4721,112,88
4722,112,88
4723,112,88
4724,112,88
4725,112,88
4726,112,88
4727,112,88
4728,112,88
4729,112,88
4730,112,88
4731,112,88
4732,112,88
4733,112,88
4734,112,88
4735,112,88
4736,112,88
4737,112,88
4738,112,88
4739,112,88
4740,112,88
4741,112,88
4742,112,88
4743,112,88
4744,112,88
4745,112,88
4746,112,88
4747,112,88
4748,112,88
4749,112,88
4750,112,88
4751,112,88
4752,112,88
4753,112,88
4754,112,88
4755,112,88
4756,112,88
4757,112,88
4758,112,88
4759,112,88
4760,112,88
4761,112,88
4762,112,88
4763,112,88
4764,112,88
4765,112,88
4766,112,88
4767,112,88
4768,112,88
4769,112,88
4770,112,88
4771,112,88
4772,112,88
4773,112,88
4774,112,88
4775,112,88
4776,112,88
4777,112,88
4778,112,88
4779,112,88
4780,112,88
4781,112,88
4782,112,88
4783,112,88
4784,112,88
4785,112,88
4786,112,88
4787,112,88
4788,112,88
4789,112,88
4790,112,88
4791,112,88
4792,112,88
4793,112,88
4794,112,88
4795,112,88
4796,112,88
4797,112,88
4798,112,88
4799,112,88
4800,112,88
4801,112,88
4802,112,88
4803,112,88
4804,112,88
4805,112,88
4806,112,88
4807,112,88
4808,112,88
4809,112,88
4810,112,88
4811,112,88
4812,112,88
4813,112,88
4814,112,88
4815,112,88
4816,112,88
4817,112,88
4818,112,88
4819,112,88
4820,112,88
4821,112,88
4822,112,88
4823,112,88
4824,112,88
4825,112,88
4826,112,88
4827,112,88
4828,112,88
4829,112,88
4830,112,88
4831,112,88
4832,112,88
4833,112,88
4834,112,88
4835,112,88
4836,112,88
4837,112,88
4838,112,88
4839,112,88
4840,112,88
4841,112,88
4842,112,88
4843,112,88
4844,112,88
4845,112,88
4846,112,88
4847,112,88
4848,112,88
4849,112,88
4850,112,88
4851,112,88
4852,112,88
4853,112,88
4854,112,88
4855,112,88
4856,112,88
4857,112,88
4858,112,88
4859,112,88
4860,112,88
4861,112,88
4862,112,88
4863,112,88
4864,112,88
4865,112,88
4866,112,88
4867,112,88
4868,112,88
4869,112,88
4870,112,88
4871,112,88
4872,112,88
4873,112,88
4874,112,88
4875,112,88
4876,112,88
4877,112,88
4878,112,88
4879,112,88
4880,112,88
4881,112,88
4882,112,88
4883,112,88
4884,112,88
4885,112,88
4886,112,88
4887,112,88
4888,112,88
4889,112,88
4890,112,88
4891,112,88
4892,112,88
4893,112,88
4894,112,88
4895,112,88
4896,112,88
4897,112,88
4898,112,88
4899,112,88
4900,112,88
4901,112,88
4902,112,88
4903,112,88
4904,112,88
4905,112,88
4906,112,88
4907,112,88
4908,112,88
4909,112,88
4910,112,88
4911,112,88
4912,112,88
4913,112,88
4914,112,88
4915,112,88
4916,112,88
4917,112,88
4918,112,88
4919,112,88
4920,112,88
4921,112,88
4922,112,88
4923,112,88
4924,112,88
4925,112,88
4926,112,88
4927,112,88
4928,112,88
4929,112,88
4930,112,88
4931,112,88
4932,112,88
4933,112,88
4934,112,88
4935,112,88
4936,112,88
4937,112,88
4938,112,88
4939,112,88
4940,112,88
4941,112,88
4942,112,88
4943,112,88
4944,112,88
4945,112,88
4946,112,88
4947,112,88
4948,112,88
4949,112,88
4950,112,88
4951,112,88
4952,112,88
4953,112,88
4954,112,88
4955,112,88
4956,112,88
4957,112,88
4958,112,88
4959,112,88
4960,112,88
4961,112,88
4962,112,88
4963,112,88
4964,112,88
4965,112,88
4966,112,88
4967,112,88
4968,112,88
4969,112,88
4970,112,88
4971,112,88
4972,112,88
4973,112,88
4974,112,88
4975,112,88
4976,112,88
4977,112,88
4978,112,88
4979,112,88
4980,112,88
4981,112,88
4982,112,88
4983,112,88
4984,112,88
4985,112,88
4986,112,88
4987,112,88
4988,112,88
4989,112,88
4990,112,88
4991,112,88
4992,112,88
4993,112,88
4994,112,88
4995,112,88
4996,112,88
4997,112,88
4998,112,88
